,A1,A2,A3,A4,A5,A6,A7,A8,A9,A10,A11,A12,A13,A14,A15,A16
0,b,30.83,u,g,0.0,w,0,True,v,1.25,True,1,False,202,g,Success
1,a,58.67,u,g,4.46,q,560,True,h,3.04,True,6,False,43,g,Success
2,a,24.5,u,g,0.5,q,824,False,h,1.5,True,0,False,280,g,Success
3,b,27.83,u,g,1.54,w,3,True,v,3.75,True,5,True,100,g,Success
4,b,25,u,g,11.25,c,1208,True,v,2.5,True,17,False,200,g,Success
5,b,23.25,u,g,1.0,c,0,False,v,0.835,True,0,False,300,s,Success
6,a,47.75,u,g,8.0,c,1260,True,v,7.875,True,6,True,0,g,Success
7,a,27.42,u,g,14.5,x,11,True,h,3.085,True,1,False,120,g,Success
8,a,41.17,u,g,6.5,q,0,True,v,0.5,True,3,True,145,g,Success
9,a,15.83,u,g,0.585,c,0,True,h,1.5,True,2,False,100,g,Success
10,a,47,u,g,13.0,i,0,True,bb,5.165,True,9,True,0,g,Success
11,b,56.58,u,g,18.5,d,0,True,bb,15.0,True,17,True,0,g,Success
12,b,57.42,u,g,8.5,e,0,True,h,7.0,True,3,False,0,g,Success
13,b,42.08,u,g,1.04,w,10000,True,v,5.0,True,6,True,500,g,Success
14,b,29.25,u,g,14.79,aa,0,True,v,5.04,True,5,True,168,g,Success
15,b,42,u,g,9.79,x,0,True,h,7.96,True,8,False,0,g,Success
16,b,49.5,u,g,7.585,i,5000,True,bb,7.585,True,15,True,0,g,Success
17,a,36.75,u,g,5.125,e,4000,False,v,5.0,True,0,True,0,g,Success
18,a,22.58,u,g,10.75,q,560,True,v,0.415,True,5,True,0,g,Success
19,b,27.83,u,g,1.5,w,35,True,v,2.0,True,11,True,434,g,Success
20,b,27.25,u,g,1.585,cc,713,True,h,1.835,True,12,True,583,g,Success
21,a,23,u,g,11.75,x,551,True,h,0.5,True,2,True,300,g,Success
22,b,27.75,y,p,0.585,cc,500,True,v,0.25,True,2,False,260,g,Success
23,b,54.58,u,g,9.415,ff,300,True,ff,14.415,True,11,True,30,g,Success
24,b,34.17,u,g,9.17,c,221,True,v,4.5,True,12,True,0,g,Success
25,b,28.92,u,g,15.0,c,2283,True,h,5.335,True,11,False,0,g,Success
26,b,29.67,u,g,1.415,w,100,True,h,0.75,True,1,False,240,g,Success
27,b,39.58,u,g,13.915,w,0,True,v,8.625,True,6,True,70,g,Success
28,b,56.42,y,p,28.0,c,15,True,v,28.5,True,40,False,0,g,Success
29,b,54.33,u,g,6.75,c,284,True,h,2.625,True,11,True,0,g,Success
30,a,41,y,p,2.04,q,1236,True,h,0.125,True,23,True,455,g,Success
31,b,31.92,u,g,4.46,cc,300,True,h,6.04,True,3,False,311,g,Success
32,b,41.5,u,g,1.54,i,0,False,bb,3.5,False,0,False,216,g,Success
33,b,23.92,u,g,0.665,c,0,False,v,0.165,False,0,False,100,g,Success
34,a,25.75,u,g,0.5,c,0,False,h,0.875,True,0,True,491,g,Success
35,b,26,u,g,1.0,q,0,False,v,1.75,True,0,True,280,g,Success
36,b,37.42,u,g,2.04,w,5800,False,v,0.04,True,0,True,400,g,Success
37,b,34.92,u,g,2.5,w,200,False,v,0.0,True,0,True,239,g,Success
38,b,34.25,u,g,3.0,cc,0,False,h,7.415,True,0,True,0,g,Success
39,b,23.33,y,p,11.625,w,300,False,v,0.835,True,0,True,160,g,Success
40,b,23.17,u,g,0.0,cc,0,False,v,0.085,True,0,False,0,g,Success
41,b,44.33,u,g,0.5,i,0,False,h,5.0,True,0,True,320,g,Success
42,b,35.17,u,g,4.5,x,0,False,h,5.75,False,0,True,711,s,Success
43,b,43.25,u,g,3.0,q,0,True,h,6.0,True,11,False,80,g,Success
44,b,56.75,u,g,12.25,m,0,True,v,1.25,True,4,True,200,g,Success
45,b,31.67,u,g,16.165,d,730,True,v,3.0,True,9,False,250,g,Success
46,a,23.42,y,p,0.79,q,400,True,v,1.5,True,2,True,80,g,Success
47,a,20.42,u,g,0.835,q,0,True,v,1.585,True,1,False,0,g,Success
48,b,26.67,u,g,4.25,cc,0,True,v,4.29,True,1,True,120,g,Success
49,b,34.17,u,g,1.54,cc,50000,True,v,1.54,True,1,True,520,g,Success
50,a,36,u,g,1.0,c,456,True,v,2.0,True,11,False,0,g,Success
51,b,25.5,u,g,0.375,m,15108,True,v,0.25,True,3,False,260,g,Success
52,b,19.42,u,g,6.5,w,2954,True,h,1.46,True,7,False,80,g,Success
53,b,35.17,u,g,25.125,x,500,True,h,1.625,True,1,True,515,g,Success
54,b,32.33,u,g,7.5,e,0,False,bb,1.585,True,0,True,420,s,Failure
55,b,34.83,u,g,4.0,d,0,False,bb,12.5,True,0,True,186.928044,g,Failure
56,a,38.58,u,g,5.0,cc,0,False,v,13.5,True,0,True,980,g,Failure
57,b,44.25,u,g,0.5,m,0,False,v,10.75,True,0,False,400,s,Failure
58,b,44.83,y,p,7.0,c,2,False,v,1.625,False,0,False,160,g,Failure
59,b,20.67,u,g,5.29,q,0,True,v,0.375,True,1,False,160,g,Failure
60,b,34.08,u,g,6.5,aa,0,False,v,0.125,True,0,True,443,g,Failure
61,a,19.17,y,p,0.585,aa,0,False,v,0.585,True,0,True,160,g,Failure
62,b,21.67,y,p,1.165,k,20,True,v,2.5,True,1,False,180,g,Failure
63,b,21.5,u,g,9.75,c,0,False,v,0.25,True,0,False,140,g,Failure
64,b,49.58,u,g,19.0,ff,0,True,ff,0.0,True,1,False,94,g,Failure
65,a,27.67,u,g,1.5,m,0,False,v,2.0,True,0,False,368,s,Failure
66,b,39.83,u,g,0.5,m,0,False,v,0.25,True,0,False,288,s,Failure
67,a,31.976661,u,g,3.5,d,0,False,v,3.0,True,0,True,300,g,Failure
68,b,27.25,u,g,0.625,aa,0,False,v,0.455,True,0,True,200,g,Failure
69,b,37.17,u,g,4.0,c,0,False,bb,5.0,True,0,True,280,s,Failure
70,b,31.976661,u,g,0.375,d,0,False,v,0.875,True,0,True,928,s,Failure
71,b,25.67,y,p,2.21,aa,0,False,v,4.0,True,0,False,188,g,Failure
72,b,34,u,g,4.5,aa,0,False,v,1.0,True,0,True,240,g,Failure
73,a,49,u,g,1.5,j,27,False,j,0.0,True,0,True,100,g,Failure
74,b,62.5,y,p,12.75,c,0,False,h,5.0,True,0,False,112,g,Failure
75,b,31.42,u,g,15.5,c,0,False,v,0.5,True,0,False,120,g,Failure
76,b,31.976661,y,p,5.0,aa,0,False,v,8.5,True,0,False,0,g,Failure
77,b,52.33,y,p,1.375,c,100,False,h,9.46,True,0,True,200,g,Failure
78,b,28.75,y,p,1.5,c,225,False,v,1.5,True,0,True,0,g,Failure
79,a,28.58,u,g,3.54,i,0,False,bb,0.5,True,0,True,171,g,Failure
80,b,23,y,p,0.625,aa,1,False,v,0.125,True,0,False,180,g,Failure
81,b,31.976661,u,g,0.5,c,0,False,bb,0.835,True,0,True,320,s,Failure
82,a,22.5,y,p,11.0,q,0,False,v,3.0,True,0,True,268,g,Failure
83,a,28.5,u,g,1.0,q,500,True,v,1.0,True,2,True,167,g,Failure
84,b,37.5,y,p,1.75,c,400,False,bb,0.25,True,0,True,164,g,Failure
85,b,35.25,y,p,16.5,c,0,False,v,4.0,True,0,False,80,g,Failure
86,b,18.67,u,g,5.0,q,38,True,v,0.375,True,2,False,0,g,Failure
87,b,25,u,g,12.0,k,5,True,v,2.25,True,2,True,120,g,Failure
88,b,27.83,y,p,4.0,i,0,True,h,5.75,True,2,True,75,g,Failure
89,b,54.83,u,g,15.5,e,130,True,z,0.0,True,20,False,152,g,Failure
90,b,28.75,u,g,1.165,k,0,False,v,0.5,True,0,False,280,s,Failure
91,a,25,y,p,11.0,aa,0,False,v,4.5,True,0,False,120,g,Failure
92,b,40.92,y,p,2.25,x,0,False,h,10.0,True,0,True,176,g,Failure
93,a,19.75,u,g,0.75,c,5,True,v,0.795,True,5,True,140,g,Failure
94,b,29.17,u,g,3.5,w,0,True,v,3.5,True,3,True,329,g,Failure
95,a,24.5,y,p,1.04,ff,147,True,ff,0.5,True,3,False,180,g,Failure
96,b,24.58,u,g,12.5,w,0,False,v,0.875,True,0,True,260,g,Failure
97,a,33.75,u,g,0.75,k,0,True,bb,1.0,True,3,True,212,g,Failure
98,b,20.67,y,p,1.25,c,210,True,h,1.375,True,3,True,140,g,Failure
99,a,25.42,u,g,1.125,q,0,True,v,1.29,True,2,False,200,g,Failure
100,b,37.75,u,g,7.0,q,5,True,h,11.5,True,7,True,300,g,Failure
101,b,52.5,u,g,6.5,k,11202,True,v,6.29,True,15,False,0,g,Success
102,b,57.83,u,g,7.04,m,1332,True,v,14.0,True,6,True,360,g,Success
103,a,20.75,u,g,10.335,cc,50,True,h,0.335,True,1,True,80,g,Success
104,b,39.92,u,g,6.21,q,300,True,v,0.04,True,1,False,200,g,Success
105,b,25.67,u,g,12.5,cc,258,True,v,1.21,True,67,True,140,g,Success
106,a,24.75,u,g,12.5,aa,567,True,v,1.5,True,12,True,120,g,Success
107,a,44.17,u,g,6.665,q,0,True,v,7.375,True,3,True,0,g,Success
108,a,23.5,u,g,9.0,q,0,True,v,8.5,True,5,True,120,g,Success
109,b,34.92,u,g,5.0,x,1000,True,h,7.5,True,6,True,0,g,Success
110,b,47.67,u,g,2.5,m,2510,True,bb,2.5,True,12,True,410,g,Success
111,b,22.75,u,g,11.0,q,809,True,v,2.5,True,7,True,100,g,Success
112,b,34.42,u,g,4.25,i,610,True,bb,3.25,True,2,False,274,g,Success
113,a,28.42,u,g,3.5,w,0,False,v,0.835,True,0,False,280,s,Success
114,b,67.75,u,g,5.5,e,0,True,z,13.0,True,1,True,0,g,Success
115,b,20.42,u,g,1.835,c,150,True,v,2.25,True,1,False,100,g,Success
116,a,47.42,u,g,8.0,e,51100,True,bb,6.5,True,6,False,375,g,Success
117,b,36.25,u,g,5.0,c,367,True,bb,2.5,True,6,False,0,g,Success
118,b,32.67,u,g,5.5,q,1000,True,h,5.5,True,12,True,408,g,Success
119,b,48.58,u,g,6.5,q,0,False,h,6.0,True,0,True,350,g,Success
120,b,39.92,y,p,0.54,aa,1000,True,v,0.5,True,3,False,200,g,Success
121,b,33.58,u,g,2.75,m,0,True,v,4.25,True,6,False,204,g,Success
122,a,18.83,u,g,9.5,w,600,True,v,1.625,True,6,True,40,g,Success
123,a,26.92,u,g,13.5,q,5000,True,h,5.0,True,2,False,0,g,Success
124,a,31.25,u,g,3.75,cc,0,True,h,0.625,True,9,True,181,g,Success
125,a,56.5,u,g,16.0,j,247,True,ff,0.0,True,15,False,0,g,Success
126,b,43,y,p,0.29,cc,375,True,h,1.75,True,8,False,100,g,Success
127,b,22.33,u,g,11.0,w,278,True,v,2.0,True,1,False,80,g,Success
128,b,27.25,u,g,1.665,cc,827,True,h,5.085,True,9,False,399,g,Success
129,b,32.83,u,g,2.5,cc,2072,True,h,2.75,True,6,False,160,g,Success
130,b,23.25,u,g,1.5,q,582,True,v,2.375,True,3,True,0,g,Success
131,a,40.33,y,p,7.54,q,2300,True,h,8.0,True,14,False,0,g,Success
132,a,30.5,u,g,6.5,c,3065,True,bb,4.0,True,7,True,0,g,Success
133,a,52.83,u,g,15.0,c,2200,True,v,5.5,True,14,False,0,g,Success
134,a,46.67,u,g,0.46,cc,6,True,h,0.415,True,11,True,440,g,Success
135,a,58.33,u,g,10.0,q,1602,True,v,4.0,True,14,False,0,g,Success
136,b,37.33,u,g,6.5,m,0,True,h,4.25,True,12,True,93,g,Success
137,b,23.08,u,g,2.5,c,2184,True,v,1.085,True,11,True,60,g,Success
138,b,32.75,u,g,1.5,cc,0,True,h,5.5,True,3,True,0,g,Success
139,a,21.67,y,p,11.5,j,0,True,j,0.0,True,11,True,0,g,Success
140,a,28.5,y,p,3.04,x,0,True,h,2.54,True,1,False,70,g,Success
141,a,68.67,u,g,15.0,e,3376,True,z,0.0,True,14,False,0,g,Success
142,b,28,u,g,2.0,k,0,True,h,4.165,True,2,True,181,g,Success
143,b,34.08,y,p,0.08,m,2000,True,bb,0.04,True,1,True,280,g,Success
144,b,27.67,u,g,2.0,x,7544,True,h,1.0,True,4,False,140,g,Success
145,b,44,u,g,2.0,m,15,True,v,1.75,True,2,True,0,g,Success
146,b,25.08,u,g,1.71,x,20,True,v,1.665,True,1,True,395,g,Success
147,b,32,y,p,1.75,e,0,False,h,0.04,True,0,True,393,g,Success
148,a,60.58,u,g,16.5,q,10561,False,v,11.0,True,0,True,21,g,Success
149,a,40.83,u,g,10.0,q,837,False,h,1.75,True,0,False,29,g,Success
150,b,19.33,u,g,9.5,q,400,False,v,1.0,True,0,True,60,g,Success
151,a,32.33,u,g,0.54,cc,11177,False,v,0.04,True,0,False,440,g,Success
152,b,36.67,u,g,3.25,q,639,False,h,9.0,True,0,True,102,g,Success
153,b,37.5,y,p,1.125,d,0,False,v,1.5,False,0,True,431,g,Success
154,a,25.08,y,p,2.54,aa,0,False,v,0.25,True,0,True,370,g,Success
155,b,41.33,u,g,0.0,c,0,False,bb,15.0,True,0,False,0,g,Success
156,b,56,u,g,12.5,k,2028,False,h,8.0,True,0,True,24,g,Success
157,a,49.83,u,g,13.585,k,0,False,h,8.5,True,0,True,0,g,Success
158,b,22.67,u,g,10.5,q,0,False,h,1.335,True,0,False,100,g,Success
159,b,27,y,p,1.5,w,1065,False,v,0.375,True,0,True,260,g,Success
160,b,25,u,g,12.5,aa,0,False,v,3.0,True,0,True,20,s,Success
161,a,26.08,u,g,8.665,aa,150,False,v,1.415,True,0,False,160,g,Success
162,a,18.42,u,g,9.25,q,540,True,v,1.21,True,4,False,60,g,Success
163,b,20.17,u,g,8.17,aa,158,True,v,1.96,True,14,False,60,g,Success
164,b,47.67,u,g,0.29,c,15000,True,bb,15.0,True,20,False,0,g,Success
165,a,21.25,u,g,2.335,i,0,True,bb,0.5,True,4,False,80,s,Success
166,a,20.67,u,g,3.0,q,6,True,v,0.165,True,3,False,100,g,Success
167,a,57.08,u,g,19.5,c,3000,True,v,5.5,True,7,False,0,g,Success
168,a,22.42,u,g,5.665,q,3257,True,v,2.585,True,7,False,129,g,Success
169,b,48.75,u,g,8.5,c,1655,True,h,12.5,True,9,False,181,g,Success
170,b,40,u,g,6.5,aa,500,True,bb,3.5,True,1,False,0,g,Success
171,b,40.58,u,g,5.0,c,3065,True,v,5.0,True,7,False,0,g,Success
172,a,28.67,u,g,1.04,c,1430,True,v,2.5,True,5,True,300,g,Success
173,a,33.08,u,g,4.625,q,0,True,h,1.625,True,2,False,0,g,Success
174,b,21.33,u,g,10.5,c,0,False,v,3.0,True,0,True,0,g,Success
175,b,42,u,g,0.205,i,0,False,h,5.125,True,0,False,400,g,Success
176,b,41.75,u,g,0.96,x,600,False,v,2.5,True,0,False,510,g,Success
177,b,22.67,y,p,1.585,w,0,True,v,3.085,True,6,False,80,g,Success
178,b,34.5,y,p,4.04,i,0,True,bb,8.5,True,7,True,195,g,Success
179,b,28.25,y,p,5.04,c,7,True,bb,1.5,True,8,True,144,g,Success
180,b,33.17,y,p,3.165,x,0,True,v,3.165,True,3,True,380,g,Success
181,b,48.17,u,g,7.625,w,790,True,h,15.5,True,12,False,0,g,Success
182,b,27.58,y,p,2.04,aa,560,True,v,2.0,True,3,True,370,g,Success
183,b,22.58,u,g,10.04,x,396,True,v,0.04,True,9,False,60,g,Success
184,a,24.08,u,g,0.5,q,678,True,h,1.25,True,1,False,0,g,Success
185,a,41.33,u,g,1.0,i,300,False,bb,2.25,True,0,True,0,g,Success
186,b,24.83,u,g,2.75,c,600,True,v,2.25,True,6,False,186.928044,g,Success
187,a,20.75,u,g,10.25,q,0,True,v,0.71,True,2,True,49,g,Success
188,b,36.33,y,p,2.125,w,1187,True,v,0.085,True,1,False,50,g,Success
189,a,35.42,u,g,12.0,q,6590,True,h,14.0,True,8,False,0,g,Success
190,a,71.58,u,g,0.0,c,0,False,v,0.0,False,0,False,186.928044,p,Success
191,b,28.67,u,g,9.335,q,168,True,h,5.665,True,6,False,381,g,Success
192,b,35.17,u,g,2.5,k,1270,True,v,4.5,True,7,False,150,g,Success
193,b,39.5,u,g,4.25,c,1210,True,bb,6.5,True,16,False,117,g,Success
194,b,39.33,u,g,5.875,cc,0,True,h,10.0,True,14,True,399,g,Success
195,b,24.33,y,p,6.625,d,0,False,v,5.5,True,0,True,100,s,Success
196,b,60.08,u,g,14.5,ff,1000,True,ff,18.0,True,15,True,0,g,Success
197,b,23.08,u,g,11.5,i,742,True,v,3.5,True,9,False,56,g,Success
198,b,26.67,y,p,2.71,cc,0,True,v,5.25,True,1,False,211,g,Success
199,b,48.17,u,g,3.5,aa,0,False,v,3.5,True,0,False,230,s,Success
200,b,41.17,u,g,4.04,cc,0,True,h,7.0,True,8,False,320,g,Success
201,b,55.92,u,g,11.5,ff,8851,True,ff,5.0,True,5,False,0,g,Success
202,b,53.92,u,g,9.625,e,0,True,v,8.665,True,5,False,0,g,Success
203,a,18.92,y,p,9.25,c,500,True,v,1.0,True,4,True,80,g,Success
204,a,50.08,u,g,12.54,aa,0,True,v,2.29,True,3,True,156,g,Success
205,b,65.42,u,g,11.0,e,0,True,z,20.0,True,7,True,22,g,Success
206,a,17.58,u,g,9.0,aa,0,False,v,1.375,True,0,True,0,g,Success
207,a,18.83,u,g,9.54,aa,0,False,v,0.085,True,0,False,100,g,Success
208,a,37.75,u,g,5.5,q,0,False,v,0.125,True,0,True,228,g,Success
209,b,23.25,u,g,4.0,c,0,False,bb,0.25,True,0,True,160,g,Success
210,b,18.08,u,g,5.5,k,0,False,v,0.5,True,0,False,80,g,Success
211,a,22.5,y,p,8.46,x,0,False,v,2.46,False,0,False,164,g,Success
212,b,19.67,u,g,0.375,q,0,True,v,2.0,True,2,True,80,g,Success
213,b,22.08,u,g,11.0,cc,0,False,v,0.665,True,0,False,100,g,Success
214,b,25.17,u,g,3.5,cc,7059,True,v,0.625,True,7,False,0,g,Success
215,a,47.42,u,g,3.0,x,1704,True,v,13.875,True,2,True,519,g,Success
216,b,33.5,u,g,1.75,x,857,True,h,4.5,True,4,True,253,g,Success
217,b,27.67,u,g,13.75,w,500,False,v,5.75,True,0,True,487,g,Success
218,a,58.42,u,g,21.0,i,6700,True,bb,10.0,True,13,False,0,g,Success
219,a,20.67,u,g,1.835,q,2503,True,v,2.085,True,5,False,220,g,Success
220,b,26.17,u,g,0.25,i,0,False,bb,0.0,True,0,True,0,g,Success
221,b,21.33,u,g,7.5,aa,9800,True,v,1.415,True,1,False,80,g,Success
222,b,42.83,u,g,4.625,q,0,False,v,4.58,True,0,False,0,s,Success
223,b,38.17,u,g,10.125,x,196,True,v,2.5,True,6,False,520,g,Success
224,b,20.5,y,p,10.0,c,0,False,v,2.5,True,0,False,40,s,Success
225,b,48.25,u,g,25.085,w,14,True,v,1.75,True,3,False,120,g,Success
226,b,28.33,u,g,5.0,w,0,False,v,11.0,True,0,True,70,g,Success
227,a,18.75,u,g,7.5,q,26726,True,v,2.71,True,5,False,186.928044,g,Success
228,b,18.5,u,g,2.0,i,300,True,v,1.5,True,2,False,120,g,Success
229,b,33.17,y,p,3.04,c,18027,True,h,2.04,True,1,True,180,g,Success
230,b,45,u,g,8.5,cc,2000,True,h,14.0,True,1,True,88,g,Success
231,a,19.67,u,g,0.21,q,99,True,h,0.29,True,11,False,80,g,Success
232,b,24.5,u,g,12.75,c,444,True,bb,4.75,True,2,False,73,g,Success
233,b,21.83,u,g,11.0,x,0,True,v,0.29,True,6,False,121,g,Success
234,b,40.25,u,g,21.5,e,1200,True,z,20.0,True,11,False,0,g,Success
235,b,41.42,u,g,5.0,q,0,True,h,5.0,True,6,True,470,g,Success
236,a,17.83,u,g,11.0,x,3000,True,h,1.0,True,11,False,0,g,Success
237,b,23.17,u,g,11.125,x,0,True,h,0.46,True,1,False,100,g,Success
238,b,31.976661,u,g,0.625,k,2010,False,v,0.25,False,0,False,380,g,Failure
239,b,18.17,u,g,10.25,c,13,False,h,1.085,False,0,False,320,g,Failure
240,b,20,u,g,11.045,c,0,False,v,2.0,False,0,True,136,g,Failure
241,b,20,u,g,0.0,d,0,False,v,0.5,False,0,False,144,g,Failure
242,a,20.75,u,g,9.54,i,1000,False,v,0.04,False,0,False,200,g,Failure
243,a,24.5,y,p,1.75,c,0,False,v,0.165,False,0,False,132,g,Failure
244,b,32.75,u,g,2.335,d,0,False,h,5.75,False,0,True,292,g,Failure
245,a,52.17,y,p,0.0,ff,0,False,ff,0.0,False,0,False,0,g,Failure
246,a,48.17,u,g,1.335,i,120,False,o,0.335,False,0,False,0,g,Failure
247,a,20.42,y,p,10.5,x,32,False,h,0.0,False,0,True,154,g,Failure
248,b,50.75,u,g,0.585,ff,0,False,ff,0.0,False,0,False,145,g,Failure
249,b,17.08,y,p,0.085,c,722,False,v,0.04,False,0,False,140,g,Failure
250,b,18.33,y,p,1.21,e,0,False,dd,0.0,False,0,False,100,g,Failure
251,a,32,u,g,6.0,d,0,False,v,1.25,False,0,False,272,g,Failure
252,b,59.67,u,g,1.54,q,0,False,v,0.125,True,0,True,260,g,Success
253,b,18,u,g,0.165,q,40,False,n,0.21,False,0,False,200,g,Success
254,b,37.58,u,g,0.0,c,0,False,v,0.0,False,0,False,186.928044,p,Success
255,b,32.33,u,g,2.5,c,0,False,v,1.25,False,0,True,280,g,Failure
256,b,18.08,y,p,6.75,m,0,False,v,0.04,False,0,False,140,g,Failure
257,b,38.25,y,p,10.125,k,0,False,v,0.125,False,0,False,160,g,Failure
258,b,30.67,u,g,2.5,cc,0,False,h,2.25,False,0,True,340,s,Failure
259,b,18.58,u,g,5.71,d,0,False,v,0.54,False,0,False,120,g,Failure
260,a,19.17,u,g,5.415,i,484,False,h,0.29,False,0,False,80,g,Failure
261,a,18.17,y,p,10.0,q,0,False,h,0.165,False,0,False,340,g,Failure
262,b,24.58,y,p,13.5,ff,0,False,ff,0.0,False,0,False,186.928044,g,Failure
263,b,16.25,u,g,0.835,m,0,False,v,0.085,True,0,False,200,s,Failure
264,b,21.17,y,p,0.875,c,204,False,h,0.25,False,0,False,280,g,Failure
265,b,23.92,y,p,0.585,cc,1,False,h,0.125,False,0,False,240,g,Failure
266,b,17.67,u,g,4.46,c,0,False,v,0.25,False,0,False,80,s,Failure
267,a,16.5,u,g,1.25,q,98,True,v,0.25,False,1,False,108,g,Failure
268,b,23.25,u,g,12.625,c,5552,True,v,0.125,False,2,False,0,g,Failure
269,b,17.58,u,g,10.0,w,1,True,h,0.165,False,1,False,120,g,Failure
270,a,31.976661,u,g,1.5,ff,105,True,ff,0.0,False,2,True,200,g,Failure
271,b,29.5,u,g,0.58,w,2803,True,v,0.29,False,1,False,340,g,Failure
272,b,18.83,y,p,0.415,c,1,True,v,0.165,False,1,False,200,g,Failure
273,a,21.75,y,p,1.75,j,0,False,j,0.0,False,0,False,160,g,Failure
274,b,23,u,g,0.75,m,0,False,v,0.5,False,0,True,320,s,Failure
275,a,18.25,u,g,10.0,w,1,True,v,1.0,False,1,False,120,g,Failure
276,b,25.42,u,g,0.54,w,444,True,v,0.165,False,1,False,272,g,Failure
277,b,35.75,u,g,2.415,w,1,True,v,0.125,False,2,False,220,g,Failure
278,a,16.08,u,g,0.335,ff,126,True,ff,0.0,False,1,False,160,g,Failure
279,a,31.92,u,g,3.125,ff,4,True,ff,3.04,False,2,True,200,g,Failure
280,b,69.17,u,g,9.0,ff,6,True,ff,4.0,False,1,False,70,g,Failure
281,b,32.92,u,g,2.5,aa,0,True,v,1.75,False,2,True,720,g,Failure
282,b,16.33,u,g,2.75,aa,21,True,v,0.665,False,1,False,80,g,Failure
283,b,22.17,u,g,12.125,c,173,True,v,3.335,False,2,True,180,g,Failure
284,a,57.58,u,g,2.0,ff,10,True,ff,6.5,False,1,False,0,g,Failure
285,b,18.25,u,g,0.165,d,0,False,v,0.25,False,0,True,280,s,Failure
286,b,23.42,u,g,1.0,c,0,False,v,0.5,False,0,True,280,s,Failure
287,a,15.92,u,g,2.875,q,0,False,v,0.085,False,0,False,120,g,Failure
288,a,24.75,u,g,13.665,q,1,False,h,1.5,False,0,False,280,g,Failure
289,b,48.75,y,p,26.335,ff,0,False,ff,0.0,True,0,True,0,g,Failure
290,b,23.5,u,g,2.75,ff,25,False,ff,4.5,False,0,False,160,g,Failure
291,b,18.58,u,g,10.29,ff,0,False,ff,0.415,False,0,False,80,g,Failure
292,b,27.75,u,g,1.29,k,0,False,h,0.25,False,0,True,140,s,Failure
293,a,31.75,y,p,3.0,j,20,False,j,0.0,False,0,False,160,g,Failure
294,a,24.83,u,g,4.5,w,6,False,v,1.0,False,0,True,360,g,Failure
295,b,19,y,p,1.75,c,6,False,v,2.335,False,0,True,112,g,Failure
296,a,16.33,u,g,0.21,aa,1,False,v,0.125,False,0,False,200,g,Failure
297,a,18.58,u,g,10.0,d,42,False,v,0.415,False,0,False,80,g,Failure
298,b,16.25,y,p,0.0,aa,0,False,v,0.25,False,0,False,60,g,Failure
299,b,23,u,g,0.75,m,0,False,v,0.5,True,0,True,320,s,Failure
300,b,21.17,y,p,0.25,c,204,False,h,0.25,False,0,False,280,g,Failure
301,b,17.5,l,gg,22.0,ff,100000,False,o,0.0,False,0,True,450,p,Success
302,b,19.17,y,p,0.0,m,1,False,bb,0.0,False,0,True,500,s,Success
303,b,36.75,y,p,0.125,c,113,False,v,1.5,False,0,True,232,g,Success
304,b,21.25,u,g,1.5,w,8,False,v,1.5,False,0,False,150,g,Success
305,a,18.08,l,gg,0.375,cc,0,False,ff,10.0,False,0,True,300,s,Success
306,a,33.67,u,g,0.375,cc,44,False,v,0.375,False,0,False,300,g,Success
307,b,48.58,y,p,0.205,k,2732,True,v,0.25,True,11,False,380,g,Success
308,b,33.67,u,g,1.25,w,0,False,v,1.165,False,0,False,120,g,Failure
309,a,29.5,y,p,1.085,x,13,False,v,1.0,False,0,False,280,g,Failure
310,b,30.17,y,p,1.085,c,179,False,v,0.04,False,0,False,170,g,Failure
311,b,40.83,u,g,3.5,i,0,False,bb,0.5,False,0,False,1160,s,Failure
312,b,34.83,y,p,2.5,w,0,False,v,3.0,False,0,False,200,s,Failure
313,b,31.976661,y,p,4.0,i,0,False,v,0.085,False,0,True,411,g,Failure
314,b,20.42,u,g,0.0,c,0,False,v,0.0,False,0,False,186.928044,p,Failure
315,a,33.25,y,p,2.5,c,2,False,v,2.5,False,0,True,0,g,Failure
316,b,34.08,u,g,2.5,c,16,False,v,1.0,False,0,False,460,g,Failure
317,a,25.25,u,g,12.5,d,1062,False,v,1.0,False,0,True,180,g,Failure
318,b,34.75,u,g,2.5,cc,0,False,bb,0.5,False,0,False,348,g,Failure
319,b,27.67,u,g,0.75,q,251,False,h,0.165,False,0,True,220,g,Failure
320,b,47.33,u,g,6.5,c,228,False,v,1.0,False,0,True,0,g,Failure
321,a,34.83,y,p,1.25,i,0,False,h,0.5,False,0,True,160,g,Failure
322,a,33.25,y,p,3.0,aa,0,False,v,2.0,False,0,False,180,g,Failure
323,b,28,u,g,3.0,w,67,False,v,0.75,False,0,True,300,g,Failure
324,a,39.08,u,g,4.0,c,0,False,v,3.0,False,0,False,480,g,Failure
325,b,42.75,u,g,4.085,aa,100,False,v,0.04,False,0,False,108,g,Failure
326,b,26.92,u,g,2.25,i,4000,False,bb,0.5,False,0,True,640,g,Failure
327,b,33.75,u,g,2.75,i,0,False,bb,0.0,False,0,False,180,g,Failure
328,b,38.92,u,g,1.75,k,2,False,v,0.5,False,0,True,300,g,Failure
329,b,62.75,u,g,7.0,e,12,False,z,0.0,False,0,False,0,g,Failure
330,b,32.25,u,g,1.5,c,122,False,v,0.25,False,0,True,372,g,Failure
331,b,26.75,y,p,4.5,c,1210,False,bb,2.5,False,0,False,200,g,Failure
332,b,63.33,u,g,0.54,c,0,True,v,0.585,True,3,True,180,g,Failure
333,b,27.83,u,g,1.5,w,3,True,v,2.25,False,1,True,100,g,Failure
334,a,26.17,u,g,2.0,j,1,False,j,0.0,False,0,True,276,g,Failure
335,b,22.17,y,p,0.585,ff,0,False,ff,0.0,False,0,False,100,g,Failure
336,b,22.5,y,p,11.5,m,4000,False,v,1.5,False,0,True,0,g,Failure
337,b,30.75,u,g,1.585,d,0,False,v,0.585,False,0,True,0,s,Failure
338,b,36.67,u,g,2.0,i,0,False,v,0.25,False,0,True,221,g,Failure
339,a,16,u,g,0.165,aa,1,True,v,1.0,False,2,True,320,g,Failure
340,b,41.17,u,g,1.335,d,0,False,v,0.165,False,0,False,168,g,Failure
341,a,19.5,u,g,0.165,q,0,False,v,0.04,False,0,True,380,g,Failure
342,b,32.42,u,g,3.0,d,0,False,v,0.165,False,0,True,120,g,Failure
343,a,36.75,u,g,4.71,ff,0,False,ff,0.0,False,0,False,160,g,Failure
344,a,30.25,u,g,5.5,k,0,False,v,5.5,False,0,True,100,s,Failure
345,b,23.08,u,g,2.5,ff,4208,False,ff,0.085,False,0,True,100,g,Failure
346,b,26.83,u,g,0.54,k,0,False,ff,0.0,False,0,False,100,g,Failure
347,b,16.92,y,p,0.335,k,0,False,v,0.29,False,0,False,200,s,Failure
348,b,24.42,u,g,2.0,e,1300,True,dd,0.165,False,2,False,320,g,Failure
349,b,42.83,u,g,1.25,m,112,True,v,13.875,False,1,True,352,g,Failure
350,a,22.75,u,g,6.165,aa,1000,False,v,0.165,False,0,False,220,g,Failure
351,b,39.42,y,p,1.71,m,0,False,v,0.165,False,0,False,400,s,Failure
352,a,23.58,y,p,11.5,k,16,False,h,3.0,False,0,True,20,g,Failure
353,b,21.42,y,p,0.75,r,2,False,n,0.75,False,0,True,132,g,Failure
354,b,33,y,p,2.5,w,0,False,v,7.0,False,0,True,280,g,Failure
355,b,26.33,u,g,13.0,e,1110,False,dd,0.0,False,0,True,140,g,Failure
356,a,45,u,g,4.585,k,0,False,h,1.0,False,0,True,240,s,Failure
357,b,26.25,u,g,1.54,w,0,False,v,0.125,False,0,False,100,g,Failure
358,b,28.17,u,g,0.585,aa,1004,False,v,0.04,False,0,False,260,g,Failure
359,a,20.83,y,p,0.5,e,0,False,dd,1.0,False,0,False,260,g,Failure
360,b,28.67,u,g,14.5,d,286,False,v,0.125,False,0,False,0,g,Failure
361,b,20.67,y,p,0.835,c,0,False,v,2.0,False,0,True,240,s,Failure
362,b,34.42,u,g,1.335,i,4500,False,bb,0.125,False,0,True,440,g,Failure
363,b,33.58,u,g,0.25,i,0,False,bb,4.0,False,0,True,420,s,Failure
364,b,43.17,u,g,5.0,i,0,False,bb,2.25,False,0,True,141,g,Failure
365,a,22.67,u,g,7.0,c,0,False,v,0.165,False,0,False,160,g,Failure
366,a,24.33,y,p,2.5,i,456,False,bb,4.5,False,0,False,200,g,Failure
367,a,56.83,y,p,4.25,ff,4,False,ff,5.0,False,0,True,0,g,Failure
368,b,22.08,u,g,11.46,k,1212,False,v,1.585,False,0,True,100,g,Failure
369,b,34,y,p,5.5,c,0,False,v,1.5,False,0,True,60,g,Failure
370,b,22.58,y,p,1.5,aa,67,False,v,0.54,False,0,True,120,g,Failure
371,b,21.17,u,g,0.0,c,0,False,v,0.5,False,0,True,0,s,Failure
372,b,26.67,u,g,14.585,i,0,False,bb,0.0,False,0,True,178,g,Failure
373,b,22.92,u,g,0.17,m,0,False,v,0.085,False,0,False,0,s,Failure
374,b,15.17,u,g,7.0,e,0,False,v,1.0,False,0,False,600,g,Failure
375,b,39.92,u,g,5.0,i,0,False,bb,0.21,False,0,False,550,g,Failure
376,b,27.42,u,g,12.5,aa,0,False,bb,0.25,False,0,True,720,g,Failure
377,b,24.75,u,g,0.54,m,1,False,v,1.0,False,0,True,120,g,Failure
378,b,41.17,y,p,1.25,w,195,False,v,0.25,False,0,False,0,g,Failure
379,a,33.08,u,g,1.625,d,0,False,v,0.54,False,0,True,0,g,Failure
380,b,29.83,y,p,2.04,x,1,False,h,0.04,False,0,False,128,g,Failure
381,a,23.58,y,p,0.585,ff,87,False,ff,0.125,False,0,False,120,g,Failure
382,b,26.17,y,p,12.5,k,17,False,h,1.25,False,0,True,0,g,Failure
383,b,31,u,g,2.085,c,0,False,v,0.085,False,0,False,300,g,Failure
384,b,20.75,y,p,5.085,j,184,False,v,0.29,False,0,False,140,g,Failure
385,b,28.92,u,g,0.375,c,140,False,v,0.29,False,0,False,220,g,Failure
386,a,51.92,u,g,6.5,i,0,False,bb,3.085,False,0,True,73,g,Failure
387,a,22.67,u,g,0.335,q,0,False,v,0.75,False,0,False,160,s,Failure
388,b,34,y,p,5.085,i,0,False,bb,1.085,False,0,True,480,g,Failure
389,a,69.5,u,g,6.0,ff,0,False,ff,0.0,False,0,False,0,s,Failure
390,a,40.33,y,p,8.125,k,18,True,v,0.165,False,2,False,186.928044,g,Failure
391,a,19.58,y,p,0.665,c,2,True,v,1.0,False,1,False,2000,g,Failure
392,b,16,u,g,3.125,w,6,True,v,0.085,False,1,False,0,g,Failure
393,b,17.08,u,g,0.25,q,8,True,v,0.335,False,4,False,160,g,Failure
394,b,31.25,u,g,2.835,ff,146,True,ff,0.0,False,5,False,176,g,Failure
395,b,25.17,u,g,3.0,c,22,True,v,1.25,False,1,False,0,g,Failure
396,a,22.67,u,g,0.79,i,0,False,v,0.085,False,0,False,144,g,Failure
397,b,40.58,u,g,1.5,i,0,False,bb,0.0,False,0,False,300,s,Failure
398,b,22.25,u,g,0.46,k,55,False,v,0.125,False,0,True,280,g,Failure
399,a,22.25,y,p,1.25,ff,0,False,ff,3.25,False,0,False,280,g,Failure
400,b,22.5,y,p,0.125,k,70,False,v,0.125,False,0,False,200,g,Failure
401,b,23.58,u,g,1.79,c,1,False,v,0.54,False,0,True,136,g,Failure
402,b,38.42,u,g,0.705,c,500,True,v,0.375,False,2,False,225,g,Failure
403,a,26.58,y,p,2.54,ff,60,False,ff,0.0,False,0,True,180,g,Failure
404,b,35,u,g,2.5,i,0,False,v,1.0,False,0,True,210,g,Failure
405,b,20.42,u,g,1.085,q,7,False,v,1.5,False,0,False,108,g,Failure
406,b,29.42,u,g,1.25,w,0,False,v,1.75,False,0,False,200,g,Failure
407,b,26.17,u,g,0.835,cc,0,False,v,1.165,False,0,False,100,g,Failure
408,b,33.67,u,g,2.165,c,0,False,v,1.5,False,0,False,120,p,Failure
409,b,24.58,u,g,1.25,c,0,False,v,0.25,False,0,False,110,g,Failure
410,a,27.67,u,g,2.04,w,50,False,v,0.25,False,0,True,180,g,Failure
411,b,37.5,u,g,0.835,e,5,False,v,0.04,False,0,False,120,g,Failure
412,b,49.17,u,g,2.29,ff,3,False,ff,0.29,False,0,False,200,g,Failure
413,b,33.58,y,p,0.335,cc,0,False,v,0.085,False,0,False,180,g,Failure
414,b,51.83,y,p,3.0,ff,4,False,ff,1.5,False,0,False,180,g,Failure
415,b,22.92,y,p,3.165,c,1058,False,v,0.165,False,0,False,160,g,Failure
416,b,21.83,u,g,1.54,k,0,False,v,0.085,False,0,True,356,g,Failure
417,b,25.25,u,g,1.0,aa,0,False,v,0.5,False,0,False,200,g,Failure
418,b,58.58,u,g,2.71,c,0,False,v,2.415,False,0,True,320,g,Failure
419,b,19,y,p,0.0,ff,1,True,ff,0.0,False,4,False,45,g,Failure
420,b,19.58,u,g,0.585,ff,769,True,ff,0.0,False,3,False,350,g,Failure
421,a,53.33,u,g,0.165,ff,27,False,ff,0.0,False,0,True,62,s,Failure
422,a,27.17,u,g,1.25,ff,300,True,ff,0.0,False,1,False,92,g,Failure
423,b,25.92,u,g,0.875,k,3,True,v,0.375,False,2,True,174,g,Failure
424,b,23.08,u,g,0.0,k,0,True,v,1.0,False,11,False,0,s,Failure
425,b,39.58,u,g,5.0,ff,1,True,ff,0.0,False,2,False,17,g,Failure
426,b,30.58,y,p,2.71,m,0,False,v,0.125,False,0,True,80,s,Failure
427,b,17.25,u,g,3.0,k,40,False,v,0.04,False,0,True,160,g,Failure
428,a,17.67,y,p,0.0,j,0,False,ff,0.0,False,0,False,86,g,Failure
429,a,31.976661,u,g,11.25,ff,5200,False,ff,0.0,False,0,False,186.928044,g,Failure
430,b,16.5,u,g,0.125,c,0,False,v,0.165,False,0,False,132,g,Failure
431,a,27.33,u,g,1.665,ff,1,False,ff,0.0,False,0,False,340,g,Failure
432,b,31.25,u,g,1.125,ff,19,True,ff,0.0,False,1,False,96,g,Failure
433,b,20,u,g,7.0,c,0,False,v,0.5,False,0,False,0,g,Failure
434,b,31.976661,y,p,3.0,i,1,False,bb,7.0,False,0,False,0,g,Failure
435,b,39.5,u,g,1.625,c,316,False,v,1.5,False,0,False,0,g,Failure
436,b,36.5,u,g,4.25,q,50,False,v,3.5,False,0,False,454,g,Failure
437,b,29.75,u,g,0.665,w,0,False,v,0.25,False,0,True,300,g,Failure
438,b,52.42,u,g,1.5,d,350,False,v,3.75,False,0,True,0,g,Failure
439,b,36.17,u,g,18.125,w,3552,False,v,0.085,False,0,False,320,g,Failure
440,b,34.58,u,g,0.0,c,0,False,v,0.0,False,0,False,186.928044,p,Failure
441,b,29.67,y,p,0.75,c,0,False,v,0.04,False,0,False,240,g,Failure
442,b,36.17,u,g,5.5,i,687,False,bb,5.0,False,0,False,210,g,Failure
443,b,25.67,y,p,0.29,c,0,False,v,1.5,False,0,True,160,g,Failure
444,a,24.5,y,p,2.415,c,0,False,v,0.0,False,0,False,120,g,Failure
445,b,24.08,u,g,0.875,m,1950,True,v,0.085,False,4,False,254,g,Failure
446,b,21.92,u,g,0.5,c,0,False,v,0.125,False,0,False,360,g,Failure
447,a,36.58,u,g,0.29,ff,18,True,ff,0.0,False,10,False,200,g,Failure
448,a,23,u,g,1.835,j,53,True,j,0.0,False,1,False,200,g,Failure
449,a,27.58,u,g,3.0,m,10,True,v,2.79,False,1,True,280,g,Failure
450,b,31.08,u,g,3.085,c,41,True,v,2.5,False,2,True,160,g,Failure
451,a,30.42,u,g,1.375,w,33,True,h,0.04,False,3,False,0,g,Failure
452,b,22.08,u,g,2.335,k,0,False,v,0.75,False,0,False,180,g,Failure
453,b,16.33,u,g,4.085,i,0,False,h,0.415,False,0,True,120,g,Failure
454,a,21.92,u,g,11.665,k,5,False,h,0.085,False,0,False,320,g,Failure
455,b,21.08,y,p,4.125,i,100,False,h,0.04,False,0,False,140,g,Failure
456,b,17.42,u,g,6.5,i,100,False,v,0.125,False,0,False,60,g,Failure
457,b,19.17,y,p,4.0,i,1000,False,v,1.0,False,0,True,360,g,Failure
458,b,20.67,u,g,0.415,c,44,False,v,0.125,False,0,False,0,g,Failure
459,b,26.75,u,g,2.0,d,0,False,v,0.75,False,0,True,80,g,Failure
460,b,23.58,u,g,0.835,i,5,False,h,0.085,False,0,True,220,g,Failure
461,b,39.17,y,p,2.5,i,0,False,h,10.0,False,0,True,200,s,Failure
462,b,22.75,u,g,11.5,i,0,False,v,0.415,False,0,False,0,g,Failure
463,b,26.5,y,p,2.71,c,0,False,v,0.085,False,0,False,80,s,Failure
464,a,16.92,u,g,0.5,i,35,True,v,0.165,False,6,True,240,g,Failure
465,b,23.5,y,p,3.165,k,80,True,v,0.415,False,1,True,280,g,Failure
466,a,17.33,u,g,9.5,aa,10,True,v,1.75,False,10,True,0,g,Failure
467,b,23.75,y,p,0.415,c,6,True,v,0.04,False,2,False,128,g,Failure
468,b,34.67,u,g,1.08,m,0,False,v,1.165,False,0,False,28,s,Failure
469,b,74.83,y,p,19.0,ff,351,True,ff,0.04,False,2,False,0,g,Failure
470,b,28.17,y,p,0.125,k,2100,False,v,0.085,False,0,False,216,g,Failure
471,b,24.5,y,p,13.335,aa,475,False,v,0.04,False,0,True,120,g,Failure
472,b,18.83,y,p,3.54,ff,1,False,ff,0.0,False,0,True,180,g,Failure
473,b,45.33,u,g,1.0,q,0,False,v,0.125,False,0,True,263,g,Failure
474,a,47.25,u,g,0.75,q,892,True,h,2.75,True,1,False,333,g,Success
475,b,24.17,u,g,0.875,q,2000,True,v,4.625,True,2,True,520,g,Success
476,b,39.25,u,g,9.5,m,4607,True,v,6.5,True,14,False,240,g,Success
477,a,20.5,u,g,11.835,c,0,False,h,6.0,True,0,False,340,g,Success
478,a,18.83,y,p,4.415,c,0,False,h,3.0,True,0,False,240,g,Success
479,b,19.17,u,g,9.5,w,2206,False,v,1.5,True,0,False,120,g,Success
480,a,25,u,g,0.875,x,5860,False,h,1.04,True,0,True,160,g,Success
481,b,20.17,u,g,9.25,c,28,True,v,1.665,True,3,True,40,g,Success
482,b,20.25,u,g,9.96,e,0,False,dd,0.0,True,0,False,0,g,Success
483,b,22.67,y,p,2.54,c,0,False,h,2.585,True,0,False,0,g,Success
484,b,31.976661,u,g,10.5,x,0,False,v,6.5,True,0,False,0,g,Success
485,a,60.92,u,g,5.0,aa,99,True,v,4.0,True,4,False,0,g,Success
486,b,16.08,u,g,0.75,c,690,True,v,1.75,True,5,True,352,g,Success
487,a,28.17,u,g,0.375,q,0,True,v,0.585,True,4,False,80,g,Success
488,b,39.17,u,g,1.71,x,0,True,v,0.125,True,5,True,480,g,Success
489,b,20.42,u,g,7.5,k,234,True,v,1.5,True,1,False,160,g,Success
490,a,30,u,g,5.29,e,500,True,dd,2.25,True,5,True,99,g,Success
491,b,22.83,u,g,3.0,m,800,True,v,1.29,True,1,False,260,g,Success
492,a,22.5,u,g,8.5,q,990,True,v,1.75,True,10,False,80,g,Failure
493,a,28.58,u,g,1.665,q,0,False,v,2.415,True,0,True,440,g,Failure
494,b,45.17,u,g,1.5,c,0,False,v,2.5,True,0,True,140,g,Failure
495,b,41.58,u,g,1.75,k,0,False,v,0.21,True,0,False,160,g,Failure
496,a,57.08,u,g,0.335,i,2197,False,bb,1.0,True,0,True,252,g,Failure
497,a,55.75,u,g,7.08,k,50,True,h,6.75,True,3,True,100,g,Failure
498,b,43.25,u,g,25.21,q,90,True,h,0.21,True,1,False,760,g,Failure
499,a,25.33,u,g,2.085,c,1,False,h,2.75,True,0,True,360,g,Failure
500,a,24.58,u,g,0.67,aa,0,False,h,1.75,True,0,False,400,g,Failure
501,b,43.17,u,g,2.25,i,0,False,bb,0.75,True,0,False,560,g,Failure
502,b,40.92,u,g,0.835,ff,1,False,ff,0.0,True,0,False,130,g,Failure
503,b,31.83,u,g,2.5,aa,0,False,v,7.5,True,0,True,523,g,Failure
504,a,33.92,y,p,1.585,ff,0,False,ff,0.0,True,0,False,320,g,Failure
505,a,24.92,u,g,1.25,ff,0,False,ff,0.0,True,0,False,80,g,Failure
506,b,35.25,u,g,3.165,x,0,False,h,3.75,True,0,True,680,g,Failure
507,b,34.25,u,g,1.75,w,0,False,bb,0.25,True,0,True,163,g,Failure
508,b,80.25,u,g,5.5,c,340,False,v,0.54,True,0,False,0,g,Failure
509,b,19.42,y,p,1.5,cc,20,False,v,2.0,True,0,True,100,g,Failure
510,b,42.75,u,g,3.0,i,200,False,bb,1.0,True,0,False,0,g,Failure
511,b,19.67,y,p,10.0,k,0,False,h,0.835,True,0,True,140,g,Failure
512,b,36.33,u,g,3.79,w,0,False,v,1.165,True,0,True,200,g,Failure
513,b,30.08,y,p,1.04,i,28,True,bb,0.5,True,10,True,132,g,Failure
514,b,44.25,y,p,11.0,d,0,False,v,1.5,True,0,False,0,s,Failure
515,b,23.58,y,p,0.46,w,347,True,v,2.625,True,6,True,208,g,Failure
516,b,23.92,u,g,1.5,d,327,True,h,1.875,True,6,False,200,g,Success
517,b,33.17,u,g,1.0,x,4071,True,v,0.75,True,7,True,340,g,Success
518,b,48.33,u,g,12.0,m,0,False,v,16.0,True,0,False,110,s,Success
519,b,76.75,u,g,22.29,e,109,True,z,12.75,True,1,True,0,g,Success
520,b,51.33,u,g,10.0,i,1249,True,bb,0.0,True,11,False,0,g,Success
521,b,34.75,u,g,15.0,r,134,True,n,5.375,True,9,True,0,g,Success
522,b,38.58,u,g,3.335,w,1344,True,v,4.0,True,14,False,383,g,Success
523,a,22.42,y,p,11.25,x,321,True,h,0.75,True,4,False,0,g,Success
524,b,41.92,u,g,0.42,c,948,True,h,0.21,True,6,False,220,g,Success
525,b,29.58,u,g,4.5,w,0,True,v,7.5,True,2,True,330,g,Success
526,a,32.17,u,g,1.46,w,2079,True,v,1.085,True,16,False,120,g,Success
527,b,51.42,u,g,0.04,x,3000,False,h,0.04,True,0,False,0,g,Success
528,a,22.83,u,g,2.29,q,2384,True,h,2.29,True,7,True,140,g,Success
529,a,25,u,g,12.33,cc,458,True,h,3.5,True,6,False,400,g,Success
530,b,26.75,u,g,1.125,x,5298,False,h,1.25,True,0,False,0,g,Success
531,b,23.33,u,g,1.5,c,200,False,h,1.415,True,0,False,422,g,Success
532,b,24.42,u,g,12.335,q,0,False,h,1.585,True,0,True,120,g,Success
533,b,42.17,u,g,5.04,q,0,False,h,12.75,True,0,True,92,g,Success
534,a,20.83,u,g,3.0,aa,0,False,v,0.04,True,0,False,100,g,Success
535,b,23.08,u,g,11.5,w,284,True,h,2.125,True,11,True,290,g,Success
536,a,25.17,u,g,2.875,x,0,False,h,0.875,True,0,False,360,g,Success
537,b,43.08,y,p,0.375,c,162,True,v,0.375,True,8,True,300,g,Success
538,a,35.75,u,g,0.915,aa,1583,True,v,0.75,True,4,False,0,g,Success
539,b,59.5,u,g,2.75,w,58,True,v,1.75,True,5,True,60,g,Success
540,b,21,y,p,3.0,d,1,True,v,1.085,True,8,True,160,g,Success
541,b,21.92,y,p,0.54,x,59,True,v,0.04,True,1,True,840,g,Success
542,a,65.17,u,g,14.0,ff,1400,True,ff,0.0,True,11,True,0,g,Success
543,a,20.33,u,g,10.0,c,1465,True,h,1.0,True,4,False,50,g,Success
544,b,32.25,y,p,0.165,c,8000,True,h,3.25,True,1,True,432,g,Success
545,b,30.17,u,g,0.5,c,540,True,v,1.75,True,11,False,32,g,Success
546,b,25.17,u,g,6.0,c,0,True,v,1.0,True,3,False,0,g,Success
547,b,39.17,u,g,1.625,c,4700,True,v,1.5,True,10,False,186,g,Success
548,b,39.08,u,g,6.0,m,1097,True,v,1.29,True,5,True,108,g,Success
549,b,31.67,u,g,0.83,x,3290,True,v,1.335,True,8,True,303,g,Success
550,b,41,u,g,0.04,e,0,True,v,0.04,False,1,False,560,s,Success
551,b,48.5,u,g,4.25,m,0,False,v,0.125,True,0,True,225,g,Success
